{
	"user": "TheManyula",
	"repo": "progress3D",
	"entry": "test.pwn",
	"output": "test.amx",
	"dependencies": [
		"sampctl/samp-stdlib",
		"samp-incognito/samp-streamer-plugin:v2.9.4",
		"pawn-lang/YSI-Includes@5.x",
		"maddinat0r/sscanf",
		"Southclaws/zcmd"
	],
	"builds": [
		{
			"name": "main",
			"version": "3.10.9"
		}
	],
	"runtime": {
		"version": "0.3.7",
		"mode": "server",
		"echo": "-",
		"rcon_password": "password",
		"port": 7777,
		"hostname": "progress3D Demo",
		"maxplayers": 50,
		"language": "",
		"mapname": "San Andreas",
		"weburl": "www.sa-mp.com",
		"gamemodetext": "Unknown",
		"announce": true,
		"lanmode": false,
		"query": true,
		"rcon": false,
		"logqueries": false,
		"sleep": 5,
		"maxnpc": 0,
		"stream_rate": 1000,
		"stream_distance": 200,
		"onfoot_rate": 30,
		"incar_rate": 30,
		"weapon_rate": 30,
		"chatlogging": true,
		"timestamp": true,
		"messageholelimit": 3000,
		"messageslimit": 500,
		"ackslimit": 3000,
		"playertimeout": 10000,
		"minconnectiontime": 0,
		"lagcompmode": 1,
		"connseedtime": 300000,
		"db_logging": false,
		"db_log_queries": false,
		"conncookies": true,
		"cookielogging": false,
		"output": true
	}
}