{
  "user": "Southclaws",
  "repo": "samp-fsutil",
  "entry": "test.pwn",
  "output": "test/gamemodes/test.amx",
  "dependencies": ["Southclaws/samp-stdlib"],
  "dev_dependencies": ["pawn-lang/YSI-Includes"],
  "runtime": {
    "plugins": ["Southclaws/pawn-fsutil"],
    "mode": "y_testing"
  },
  "resources": [
    {
      "name": "fsutil.so",
      "archive": false,
      "platform": "linux"
    },
    {
      "name": "fsutil.dll",
      "archive": false,
      "platform": "windows"
    }
  ]
}
