{
    "user": "Southclaws",
    "repo": "pawn-requests",
    "entry": "test.pwn",
    "output": "test/gamemodes/test.amx",
    "dependencies": ["Southclaws/samp-stdlib"],
    "dev_dependencies": ["pawn-lang/YSI-Includes"],
    "runtime": {
        "plugins": ["Southclaws/pawn-requests"]
    },
    "resources": [
        {
            "name": "pawn-requests-linux.zip",
            "archive": true,
            "platform": "linux",
            "includes": ["includes"],
            "plugins": ["plugins/requests.so"]
        },
        {
            "name": "pawn-requests-windows.zip",
            "archive": true,
            "platform": "windows",
            "includes": ["includes"],
            "plugins": ["plugins/requests.dll"],
            "files": {
                "boost_date_time-vc141-mt-x32-1_66.dll": "boost_date_time-vc141-mt-x32-1_66.dll",
                "boost_system-vc141-mt-x32-1_66.dll": "boost_system-vc141-mt-x32-1_66.dll",
                "cpprest_2_10.dll": "cpprest_2_10.dll",
                "LIBEAY32.dll": "LIBEAY32.dll",
                "SSLEAY32.dll": "SSLEAY32.dll",
                "zlib1.dll": "zlib1.dll"
            }
        }
    ]
}
