{
	"user": "Southclaws",
	"repo": "pawn-chrono",
	"tag": "1.1.0",
	"entry": "test.pwn",
	"output": "test/gamemodes/test.amx",
	"dependencies": [
		"Southclaws/samp-stdlib"
	],
	"dev_dependencies": [
		"pawn-lang/YSI-Includes",
		"oscar-broman/strlib"
	],
	"runtime": {
		"version": "0.3.7",
		"mode": "server",
		"plugins": [
			"Southclaws/pawn-chrono"
		],
		"rcon_password": "password",
		"port": 7777
	},
	"resources": [
		{
			"name": "chrono.so",
			"platform": "linux"
		},
		{
			"name": "chrono.dll",
			"platform": "windows"
		}
	]
}